location,isp,speed,images,text,time_tweet,place,location_cleaned,network_type,isp_cleaned,speed_cleaned,speed_unit
REBERO,"['Liquid', 'Telecom']",8.4 mbps,['http://pbs.twimg.com/media/EU6x9RBXsAI2TU1.jpg'],"@kenessajr Location: REBERO
Speed: 8.4 Mbps
ISP:Liquid Telecom https://t.co/o4ZQqgQL7Z",2020-04-06 11:52:09,,rebero,,liquid,8.4, mbps
Kimironko ,['MTN'],12 mbps,['http://pbs.twimg.com/media/EU4-IsoWAAkb-MG.jpg'],"@kenessajr Location:Kimironko 
Speed:12 Mbps
Isp: MTN https://t.co/zotT0eZujQ",2020-04-06 03:25:33,,kimironko,,mtn,12.0, mbps
,,,['http://pbs.twimg.com/media/EU2IDFhXQAEpJZq.jpg'],"@kenessajr Mtn: 10,000 Rwf 
Per month: 30Gbs 
Kanombe, Nyarugunga https://t.co/9aB7eiPpre",2020-04-05 14:11:21,,,,,,
Kanombe,"['@ktRwanda', '4G']",180 kbps,['http://pbs.twimg.com/media/EU2CsrLXgAIvfrU.jpg'],"@kenessajr Location: Kanombe
Speed: 180 Kbps
ISP: @ktRwanda 4G https://t.co/rexT913Dal",2020-04-05 13:46:38,,kanombe,4G,kt,0.18, kbps
Kanombe,,,['http://pbs.twimg.com/media/EU2CncjX0AAgBqw.jpg'],"@kenessajr Location: Kanombe
Speed : 530 Kbps
ISP : @MTNRwanda https://t.co/9ri0MVDD9h",2020-04-05 13:46:16,,kanombe,,,,
Nyamirambo ,"['Mango', 'telecom']",4.7 mbps,['http://pbs.twimg.com/media/EU1QH7iX0AAi4bN.jpg'],"@kenessajr Location: Nyamirambo 
Speed: 4.7 mbps
Isp: Mango telecom https://t.co/7UZEfiNcXt",2020-04-05 10:05:41,,nyamirambo,,mango,4.7, mbps
,['@airtelrw'],,['http://pbs.twimg.com/media/EU1FpbZWAAA8g6M.jpg'],"@kenessajr Location : Remera
Speed : 2.2 Mbps
ISP: @airtelrw https://t.co/Yg1TllQ4ve",2020-04-05 09:19:51,,,,airtel,,
Kimironko,[],2.5 mbps,['http://pbs.twimg.com/media/EU1Dup5WkAAXRpk.jpg'],"@kenessajr Location: Kimironko
Speed: 2.5 Mbps
ISP: @airtelrw

#MyInternetSpeedRw https://t.co/LM0C4prcKi",2020-04-05 09:11:29,,kimironko,,,2.5, mbps
Kanombe,[],7.9 mbps,['http://pbs.twimg.com/media/EU0pEjWXYAQsPF_.jpg'],"@kenessajr Location: Kanombe
Speed: 7.9 Mbps
ISP: Airtel

#MyInternetSpeedRw https://t.co/tzcUdOuaqO",2020-04-05 07:15:02,,kanombe,,,7.9, mbps
,['MTN(3G)'],,['http://pbs.twimg.com/media/EU0KDBDWoAAeGYV.jpg'],"@kenessajr Remera
ISP:MTN(3G) https://t.co/vzCMVPiObR",2020-04-05 04:59:30,,,3G,mtn,,
Muhanga,['Mango'],,['http://pbs.twimg.com/media/EU0DbsYWAAAZEiv.jpg'],"@kenessajr Location: Muhanga
ISP: Mango https://t.co/N9MMZtSjUF",2020-04-05 04:30:36,,muhanga,,mango,,
,"['Axiom', 'Networks']",,['http://pbs.twimg.com/media/EUz1tgPXsAAwL5w.jpg'],"@kenessajr Location : Gisozi
ISP: Axiom Networks https://t.co/We8350ns8F",2020-04-05 03:30:39,,,,axiom,,
Sonatube,,3 mbps,['http://pbs.twimg.com/media/EUzvGqNXsAUI_o9.jpg'],"@kenessajr Location: Sonatube
Int speed: 3 Mbps
Provider: MTN https://t.co/5o8uM7Doj0",2020-04-05 03:01:46,,sonatube,,,3.0, mbps
,,,['http://pbs.twimg.com/media/EUzSz9YXYAMs8SW.jpg'],"@kenessajr Nyamirambo
Airtel / 3G https://t.co/ALEhPBTzpL",2020-04-05 00:58:10,,,,,,
,['MTN'],1.2 mbps,['http://pbs.twimg.com/media/EUxfgDvWkAAwKLc.jpg'],"@kenessajr Kimironko kwa Mushimire 
Speed: 1.2 Mbps 
ISP: MTN https://t.co/alC9CLxOVQ",2020-04-04 16:34:22,,,,mtn,1.2, mbps
Karuruma,['@FastnetISP_RW'],,['http://pbs.twimg.com/media/EUxKnstWsAAqOK9.jpg'],"@kenessajr Location: Karuruma
ISP: @FastnetISP_RW https://t.co/nMSFHtUMSJ",2020-04-04 15:03:07,,karuruma,,fastnet,,
kiyovu ISP: MTN https://t.co/J2uVI5muur,['MTN'],,['http://pbs.twimg.com/media/EUxG4xOWkAAJtfc.jpg'],@kenessajr Location:kiyovu ISP: MTN https://t.co/J2uVI5muur,2020-04-04 14:46:49,,kiyovu,,mtn,,
Karuruma,"['MTN', '(4G)']",,['http://pbs.twimg.com/media/EUxEyzVXgAADhSr.jpg'],"@kenessajr Location: Karuruma
ISP: MTN (4G) https://t.co/icnNCSWOT9",2020-04-04 14:37:43,,karuruma,4G,mtn,,
Rubavu.                                       ISP: tnsp                                                         Network:4g https://t.co/dSTSnQ8Tg1,"['tnsp', '', '', '', '', '', '', '', '', '', '', '', '', '', '', '', '', '', '', '', '', '', '', '', '', '', '', '', '', '', '', '', '', '', '', '', '', '', '', '', '', '', '', '', '', '', '', '', '', '', '', '', '', '', '', '', '', 'Network:4g']",,['http://pbs.twimg.com/media/EUxAYmDXgAA33xl.jpg'],@kenessajr Location: Rubavu.                                       ISP: tnsp                                                         Network:4g https://t.co/dSTSnQ8Tg1,2020-04-04 14:18:35,,rubavu.,4g,tnsp,,
Kicukiro ,,3.2mbps,['http://pbs.twimg.com/media/EUw_rw_XkAEUIKQ.jpg'],"@kenessajr Location: Kicukiro 
Speed: 3.2Mbps
ISP : MTN 4G https://t.co/tnSJIf9FQe",2020-04-04 14:15:21,,kicukiro,,,3.2,mbps
,,,['http://pbs.twimg.com/media/EUw4GSNWkAEBRp_.jpg'],@kenessajr does the twitter api have the functionality to fetch someone‚Äôs tweet with all its thread replies? too much data to collected and it could be parsed to provide some good analysis,2020-04-04 13:58:04,,,,,,
Kacyiru ,"['Axiom', 'networks']",41 mbps,['http://pbs.twimg.com/media/EUw2VerX0AAXUem.png'],"@kenessajr Location: Kacyiru 
Speed: 41 Mbps
Isp: Axiom networks https://t.co/EJZqej1UVG",2020-04-04 13:42:12,,kacyiru,,axiom,41.0, mbps
Busanza,['Axiom'],9.3 mbps,['http://pbs.twimg.com/media/EUw1fKUXgAE3Ddz.jpg'],"@kenessajr Location: Busanza
Speed: 9.3 Mbps
ISP: Axiom https://t.co/8WVy0dmH8G",2020-04-04 13:34:33,,busanza,,axiom,9.3, mbps
Kacyiru,['Axiom'],,['http://pbs.twimg.com/media/EUw0W4vXYAAztzc.png'],"@kenessajr #MyInternetSpeedRw 
Location: Kacyiru
ISP: Axiom Networks
Subscription:10Mbps

@irastide https://t.co/8PhGMqPJNf",2020-04-04 13:30:46,,kacyiru,,axiom,,
,,,['http://pbs.twimg.com/media/EUwzeqgXsAEMrVX.jpg'],"@kenessajr Location; Kanombe 
Speed; 8.8 Mbps
ISP; Axiom Networks https://t.co/rUDkjcb95O",2020-04-04 13:26:19,,,,,,
"Ruhuha, Bugesera",,,['http://pbs.twimg.com/media/EUwv74dWoAIlYHx.jpg'],"@kenessajr Location: Ruhuha, Bugesera
Provider: MTN 3G https://t.co/BXvCH44lXF",2020-04-04 13:22:02,,ruhuha,,,,
kanombe,['Airtel'],,['http://pbs.twimg.com/media/EUwvWc2X0AAa2Q4.png'],"@kenessajr Location:kanombe
ISP: Airtel https://t.co/PF6OntsanY",2020-04-04 13:06:31,,kanombe,,airtel,,
Kibagabaga,"['Airtel', '(4G)']",600 kbps,['http://pbs.twimg.com/media/EUwvTF4WkAIdsA9.jpg'],"@kenessajr Location: Kibagabaga
Speed: 600 Kbps
ISP: Airtel (4G) https://t.co/x3Kr4bTjgt",2020-04-04 13:04:05,,kibagabaga,4G,airtel,0.6, kbps
,,,['http://pbs.twimg.com/media/EUwsRsjWsAEg05C.jpg'],@kenessajr üò• https://t.co/U12Qm7Fkiy,2020-04-04 13:03:46,"Place(_api=<tweepy.api.API object at 0x1122451d0>, id='84f644e036f3dcb0', url='https://api.twitter.com/1.1/geo/id/84f644e036f3dcb0.json', place_type='country', name='Rwanda', full_name='Rwanda', country_code='RW', country='Rwanda', contained_within=[], bounding_box=BoundingBox(_api=<tweepy.api.API object at 0x1122451d0>, type='Polygon', coordinates=[[[28.8617568, -2.8387274], [30.8993559, -2.8387274], [30.8993559, -1.0474785], [28.8617568, -1.0474785]]]), attributes={})",,,,,
Remera,"['Mango', '', '(4G)']",160 mbps,['http://pbs.twimg.com/media/EUwpAVCWoAMLWF0.jpg'],"@kenessajr Location: Remera
Speed: 160 Mbps
ISP: Mango  (4G) https://t.co/MIWn7qITCk",2020-04-04 12:50:34,,remera,4G,mango,160.0, mbps
Nyamirambo,"['MTN', '4G']",1.1mbps,['http://pbs.twimg.com/media/EUwjjL4WAAIvtw2.jpg'],"@kenessajr Location:Nyamirambo
Speed:1.1Mbps
ISP:MTN 4G https://t.co/WyBW4NAX4n",2020-04-04 12:36:34,,nyamirambo,4G,mtn,1.1,mbps
Rwamagana,"['KT', 'Rwanda', 'Networks']",,['http://pbs.twimg.com/media/EUwh65NWoAIpm4S.jpg'],"@kenessajr Location: Rwamagana
ISP: KT Rwanda Networks https://t.co/KX5TibD0du",2020-04-04 12:12:29,,rwamagana,,kt,,
Kimironko ,,290 kbps,['http://pbs.twimg.com/media/EUwh8WSX0AEQBOe.jpg'],"@kenessajr Location: Kimironko 
Speed: 290 Kbps
Network: 4G https://t.co/s2AYWb4wHc",2020-04-04 12:05:30,,kimironko,,,0.29, kbps
,,,['http://pbs.twimg.com/media/EUwhCknXYAcR3KD.jpg'],"@kenessajr Kagarama, Kicukiro
Airtel https://t.co/wbhcfk1fbu",2020-04-04 12:05:26,,,,,,
Kicukiro,['Fastnet'],4.4 mbps,['http://pbs.twimg.com/media/EUwgCzHWkAEyAjK.jpg'],"@kenessajr Location: Kicukiro
Speed: 4.4 Mbps
ISP: Fastnet https://t.co/PUWdpILUnD",2020-04-04 12:01:28,,kicukiro,,fastnet,4.4, mbps
,,,['http://pbs.twimg.com/media/EUwf7eqWAAEyrco.jpg'],"@kenessajr Kimironko
MTN 4G https://t.co/knhN9KecX3",2020-04-04 11:57:06,,,,,,
,,,['http://pbs.twimg.com/media/EUwd1K2WoAAZ5sF.jpg'],@kenessajr @airtelrw Niboye kukagari https://t.co/l2lmf0hFod,2020-04-04 11:56:39,,,,,,
Lower Kiyovu ,"['BK', 'Techouse']",4.3mbps,['http://pbs.twimg.com/media/EUwb4LGXQAIwcEb.jpg'],"@kenessajr Location: Lower Kiyovu 
Speed:4.3Mbps
ISP: BK Techouse https://t.co/R5VjQJeimk",2020-04-04 11:47:26,,lower,,bk,4.3,mbps
kicukiro ,['@MTNRwanda'],2.8mbps,['http://pbs.twimg.com/media/EUwbbnAXsAENDzj.jpg'],"@kenessajr Location: kicukiro 
Speed: 2.8Mbps
ISP: @MTNRwanda https://t.co/CB8YLZi9ID",2020-04-04 11:38:53,,kicukiro,,mtn,2.8,mbps
,,,['http://pbs.twimg.com/media/EUwYxuNWAAAiZDY.jpg'],"@kenessajr MTN unlimited 4G
Kimironko
17Mbps is good actually
Keep it up @MTNRwanda https://t.co/STBMUP5YzT",2020-04-04 11:36:58,,,,,,
,,,['http://pbs.twimg.com/media/EUwVavWXkAEaIWg.jpg'],"@kenessajr Gikondo 

ISP : MTNRwanda 3G
Internet Irekure/Weekly https://t.co/vLvGeyghKu",2020-04-04 11:25:20,,,,,,
,,,['http://pbs.twimg.com/media/EUwSZlBWAAE-dsO.jpg'],"@kenessajr Kibagabaga
Liquid Internet https://t.co/yxKF9PDnAA",2020-04-04 11:10:41,,,,,,
,,,['http://pbs.twimg.com/media/EUwRV4kXYAA2PG9.jpg'],"@kenessajr Where: Gikondo
Which: @airtelrw 
How fast: 7.1Mbps https://t.co/ATPhpvRTHn",2020-04-04 10:57:35,,,,,,
Musanze (tetagouche) ,['@airtelrw'],11mbps,['http://pbs.twimg.com/media/EUwQCP2XgAEPwXQ.jpg'],"@kenessajr Location: Musanze (tetagouche) 
Speed: 11Mbps
ISP: @airtelrw https://t.co/2eO7bOypcs",2020-04-04 10:52:52,,musanze,,airtel,11.0,mbps
Kicukiro/ Kagarama,"['MTN', '4G']",2.9 mbps,['http://pbs.twimg.com/media/EUwK87bWAAEsWFt.jpg'],"@kenessajr Location: Kicukiro/ Kagarama
Speed: 2.9 mbps
ISP: MTN 4G https://t.co/z1oH3h1nLe",2020-04-04 10:47:10,,kicukiro,4G,mtn,2.9, mbps
,,,['http://pbs.twimg.com/media/EUwHc2aXgAAESGg.jpg'],"@kenessajr Location : Kabeza 
Speed : 1.7 Mbps
ISP : Mango https://t.co/Dy03gcYuQv",2020-04-04 10:24:56,,,,,,
Nyarutarama ( next to BAHO Hospital ),['@airtelrw'],"12, 13 mbps https://t.co/stgntsyaqs",['http://pbs.twimg.com/media/EUwGzwbWAAEpyCY.jpg'],"@kenessajr Location: Nyarutarama ( next to BAHO Hospital )
ISP: @airtelrw 3G
Speed: 12, 13 Mbps https://t.co/STGNtSyAQS",2020-04-04 10:09:40,,nyarutarama,,airtel,12.0, mbps
Remera -Nyabisindu,,3.3mbps,['http://pbs.twimg.com/media/EUwAOuoWoAAgsBT.jpg'],"@kenessajr Location: Remera -Nyabisindu
Speed: 3.3Mbps
ISP : MTN (3G)

#MyInternetSpeedRw https://t.co/sGozeVdaym",2020-04-04 10:06:55,,remera,,,3.3,mbps
Kicukiro Kagarama,,,['http://pbs.twimg.com/media/EUvzA03XkAEofcw.jpg'],"@kenessajr Location: Kicukiro Kagarama
Network: MTN 3G Unlimited
Speed : 81kbps 

unable to do anything with this @MTNRwanda https://t.co/BSZYq87iiJ",2020-04-04 09:38:11,,kicukiro,,,,
Gisozi,['MTN'],4.9 mbps,['http://pbs.twimg.com/media/EUvq_IIXgAE10OH.jpg'],"@kenessajr Location: Gisozi
Speed: 4.9 Mbps
ISP: MTN https://t.co/5avJVqIU94",2020-04-04 08:40:24,,gisozi,,mtn,4.9, mbps
Rwamagana District                                                     Speed    : 5.8 Mbps                                         ISP          : 3G @MTNRwanda https://t.co/G96JriFORT,,,['http://pbs.twimg.com/media/EUvqPKhXgAE857i.jpg'],@kenessajr Location: Rwamagana District                                                     Speed    : 5.8 Mbps                                         ISP          : 3G @MTNRwanda https://t.co/G96JriFORT,2020-04-04 08:05:18,,rwamagana,,,,
Gikondo,['@MTNRwanda'],3.4mbps(3g),['http://pbs.twimg.com/media/EUvlEHsXgAIuCxm.jpg'],"@kenessajr Location:Gikondo
ISP:@MTNRwanda 
Speed:3.4Mbps(3G)
Package:7G 5000fr/month irekure

#MyInternetSpeedRW https://t.co/nlzlUDiymJ",2020-04-04 08:02:02,,gikondo,,mtn,3.4,mbps
kabeza kumucyo,['Airtel'],8.6mbps,['http://pbs.twimg.com/media/EUvd9ceWAAAZFvj.jpg'],"@kenessajr Location: kabeza kumucyo
Speed: 8.6Mbps
ISP: Airtel https://t.co/Cs8HZmmG3V",2020-04-04 07:39:27,,kabeza,,airtel,8.6,mbps
Kacyiru ,"['Airtel', '3G']",2.5mbps,['http://pbs.twimg.com/media/EUvc_zjWAAE18HW.jpg'],"@kenessajr Location: Kacyiru 
Speed: 2.5Mbps
ISP: Airtel 3G https://t.co/LofGRdmEvm",2020-04-04 07:08:23,,kacyiru,3G,airtel,2.5,mbps
,,,['http://pbs.twimg.com/media/EUvZvekXYAAB7mZ.jpg'],"@kenessajr Kacyiru
Airtel https://t.co/JUuNJ2bPPT",2020-04-04 07:04:11,,,,,,
,,,['http://pbs.twimg.com/media/EUvS_gSXgAAMDtT.jpg'],"@kenessajr Kibagabaga 
Liquid https://t.co/GcWXBfuuyg",2020-04-04 06:49:57,,,,,,
"Kicukiro Ngoma,  ",['MTN'],490kbps https://t.co/phvvzsjpr8,['http://pbs.twimg.com/media/EUu5JyFWsAIJuvz.jpg'],"@kenessajr Location: Kicukiro Ngoma,  
ISP:MTN 3G
Speed: 490kbps https://t.co/PhVvzsjPr8",2020-04-04 06:20:28,,kicukiro,,mtn,0.49,kbps
Rwinkwavu,['Mango'],,['http://pbs.twimg.com/media/EUu0VALXYAIzy8U.jpg'],"@kenessajr Location:Rwinkwavu
Speed :2.8Mbps
ISP:Mango https://t.co/sdc7ffDY7u",2020-04-04 04:27:34,,rwinkwavu,,mango,,
Gikondo- Nyenyeri,[],6.5 mbps,['http://pbs.twimg.com/media/EUurtk9X0AAiEr1.jpg'],"@kenessajr Location: Gikondo- Nyenyeri
Speed: 6.5 Mbps
ISP: MTN
Time: 6:05AM https://t.co/921VBniMGb",2020-04-04 04:06:31,,gikondo,,,6.5, mbps
Gitega-Nyarugenge,[],80 kbps,['http://pbs.twimg.com/media/EUulnG-WkAYiH0v.jpg'],"@kenessajr Location: Gitega-Nyarugenge
Speed: 80 Kbps
ISP: MTN/4G
I need more clarification about this https://t.co/BsM9QhXXGr",2020-04-04 03:28:50,,gitega,,,0.08, kbps
Biryogo,['Mango/Ktrn'],3.0 mbps(metered) 384 kbps(actual speed),['http://pbs.twimg.com/media/EUukH3lWsAI9lWW.jpg'],"@kenessajr Is there anyone who feel like he is being Throttled or Controled by these guys @MangoRwanda/@ktpressrwanda ????

Location:Biryogo
Internet speed:3.0 Mbps(metered) 384 Kbps(Actual Speed)
ISP:Mango/Ktrn https://t.co/Lrn6H6111f",2020-04-04 03:02:22,,biryogo,,mango,3.0, mbps
Gacuriro,['MTN'],8.2 mps,['http://pbs.twimg.com/media/EUuPoBpXQAAbCoS.jpg'],"@kenessajr Location: Gacuriro
Speed: 8.2 MPs
ISP: MTN https://t.co/YPGF64nLDu",2020-04-04 02:55:43,,gacuriro,,mtn,8.2,[]
Kanombe,['MTN'],,['http://pbs.twimg.com/media/EUuFs3XWoAo8lbJ.jpg'],"@kenessajr Location: Kanombe
Speed : 540kbps 
ISP: MTN 3GüôÑ.
Abatuye I kanombe, what is y‚Äôall‚Äôs plug? I need helpüò´! https://t.co/HOu7pmo4IB",2020-04-04 01:26:08,,kanombe,,mtn,,
,,,['http://pbs.twimg.com/media/EUuCH9mXQAE5rlL.jpg'],@kenessajr @kagced Kami https://t.co/gVGrTsuZqY,2020-04-04 00:42:46,,,,,,
Kibagabaga,[],3.2mps,['http://pbs.twimg.com/media/EUuB1GMXkAcFdD0.jpg'],"@kenessajr Location: Kibagabaga
Speed: 3.2Mps
ISP: Mango4G",2020-04-04 00:34:58,,kibagabaga,,,3.2,[]
Remera,['@airtelrw'],,['http://pbs.twimg.com/media/EUuAkjjXkAMNENR.jpg'],"@kenessajr Location: Remera
ISP: @airtelrw 
Speed : 14 Mbps https://t.co/yX7TxX4c2Z",2020-04-04 00:27:09,,remera,,airtel,,
Kagarama,['MTN'],1.2 mbps,['http://pbs.twimg.com/media/EUt--W5WsAcGTCI.jpg'],"@kenessajr Location: Kagarama
ISP: MTN (3G)
Speed: 1.2 Mbps
#MyInternetSpeedRw https://t.co/NS5crQNigK",2020-04-04 00:25:52,,kagarama,,mtn,1.2, mbps
Kiyovu,['Mango'],3.3 mbps,['http://pbs.twimg.com/media/EUt6qnKWkAUrsR9.jpg'],"@kenessajr Location: Kiyovu
Speed: 3.3 Mbps
ISP: Mango https://t.co/XERrkaEiUF",2020-04-04 00:20:22,,kiyovu,,mango,3.3, mbps
Kanombe,[],,['http://pbs.twimg.com/media/EUt1qazWkAAwlJt.jpg'],"@kenessajr Location: Kanombe
ISP: MTN
Network:3G https://t.co/Saxdo0f67w",2020-04-04 00:13:23,,kanombe,,,,
Kacyiru ,['MTN'],8.0  mbps,['http://pbs.twimg.com/media/EUtt2SwWsAAUVqR.jpg'],"@kenessajr Location: Kacyiru 
Speed: 8.0  Mbps
ISP: MTN https://t.co/7QecKR4HLe",2020-04-03 23:54:34,,kacyiru,,mtn,8.0,  mbps
,,,['http://pbs.twimg.com/media/EUtq2HzXsAEnnTs.jpg'],@kenessajr @4Gsquare can come and correct survey about 4G Network and Locations,2020-04-03 23:33:21,,,,,,
,,,['http://pbs.twimg.com/media/EUtglPjXQAQQxCW.jpg'],@kenessajr https://t.co/8AdxYkuP32,2020-04-03 23:32:41,,,,,,
,,,['http://pbs.twimg.com/media/EUtfNFGXkAAC38J.jpg'],"@kenessajr Nyarugunga 
Airtel 
5.4 kbps ü§≠ https://t.co/h3p7WALMDi",2020-04-03 22:58:36,,,,,,
,,,['http://pbs.twimg.com/media/EUtednyXsAUxBTP.jpg'],"@kenessajr Remera
Liquid https://t.co/dei5jz0x0L",2020-04-03 22:45:36,,,,,,
Gisozi,"['MTN', '3G', '@MTNRwanda']",7.5 mbps,['http://pbs.twimg.com/media/EUtbzj-WoBE8ZCN.jpg'],"@kenessajr Location:Gisozi
Speed: 7.5 mbps
ISP: MTN 3G @MTNRwanda https://t.co/l67ZIwZBFz",2020-04-03 22:00:34,,gisozi,3G,mtn,7.5, mbps
,[],,['http://pbs.twimg.com/media/EUtXIclWkAEgxr_.jpg'],"@kenessajr Location : Gikondo kigali
Isp:  Airtel
Time:: 11:53Pm
Router Alcatel . WiFi https://t.co/4difoA19iR",2020-04-03 21:54:34,,,,,,
Kanombe,['MTN'],3.4mbps,['http://pbs.twimg.com/media/EUtVmSgXgAIXC4E.jpg'],"@kenessajr Location: Kanombe
Speed: 3.4Mbps
ISP: MTN https://t.co/tjuFZa5gWR",2020-04-03 21:51:21,,kanombe,,mtn,3.4,mbps
,,,['http://pbs.twimg.com/media/EUtTdK_WkAA3tY9.jpg'],"@kenessajr @MangoRwanda Ndi nyamirambo kuryanyuma, nkoresha 4G ya mango, bamwiye ngo 750kbps , ark mbona igenda gake pe https://t.co/RVHx8hssSL",2020-04-03 21:39:43,,,,,,
,,,['http://pbs.twimg.com/media/EUtSxNOWkAkz2yR.jpg'],"@kenessajr Location : Kagarama 
Speed : 3.9
ISP MTN 3G

Up and down so far... https://t.co/WyuyaL6ypY",2020-04-03 21:19:19,,,,,,
,"['MTN', '(', '3G', ')']",,['http://pbs.twimg.com/media/EUtOhUjXYAED0wY.jpg'],"@kenessajr Kimironko

Speed : fast attempt 210Kbps / 2nd attempt 1.1Mbps

ISP: MTN ( 3G ) https://t.co/YiTUWr9ihx",2020-04-03 21:12:37,,,3G,mtn,,
,,,['http://pbs.twimg.com/media/EUtH5_GX0AgQY8w.png'],"@kenessajr Kibagabaga 
MTN https://t.co/LE3lJEf8PD",2020-04-03 21:03:13,,,,,,
,,,['http://pbs.twimg.com/media/EUs8OLzWAAMVq9e.jpg'],"@kenessajr Location : kimironko
ISP : @CanalboxR https://t.co/cwwPCC32Dw",2020-04-03 21:00:15,,,,,,
Kimironko,"['MTN', '4G']",3.3 mbps,['http://pbs.twimg.com/media/EUs2zRvXsAQfd-i.jpg'],"@kenessajr Location: Kimironko
Speed: 3.3 Mbps
ISP: MTN 4G https://t.co/fRT2VA7JFI",2020-04-03 20:41:44,,kimironko,4G,mtn,3.3, mbps
,,8.9 kpbs,['http://pbs.twimg.com/media/EUs1S1GX0AYiUt5.jpg'],"@kenessajr @PopconnRw So far the worst
Speed: 8.9 KPBS

Can't even open Google https://t.co/sZ4kYzdj0o",2020-04-03 20:12:46,,,,,8.9,[]
Kicukiro Niboyi,,5.7mbps,['http://pbs.twimg.com/media/EUs02KzWsAEdbwK.jpg'],"@kenessajr Speed: 5.7Mbps
Location: Kicukiro Niboyi
Product:MUP 1/day
Company:@FastnetISP_RW https://t.co/vx2CTwYlSI",2020-04-03 19:21:45,,kicukiro,,,5.7,mbps
Nyamirambo ,['Netlink'],3.0 mbps,['http://pbs.twimg.com/media/EUs0aiWX0AMkoJA.jpg'],"@kenessajr Location: Nyamirambo 
Speed: 3.0 Mbps 
ISP: Netlink https://t.co/JqxY6entDg",2020-04-03 18:58:05,,nyamirambo,,netlink,3.0, mbps
Biryogo ,"['Airtel', '/', '3G']",,['http://pbs.twimg.com/media/EUswCwiX0AA-8Rp.jpg'],"@kenessajr Location: Biryogo 
ISP: Airtel / 3G https://t.co/4fonHWkbEZ",2020-04-03 18:51:51,,biryogo,3G,airtel,,
Muhima behind Ste Famille ,['MTN'],,['http://pbs.twimg.com/media/EUstuRgXkAMeme0.jpg'],"@kenessajr Location: Muhima behind Ste Famille 
ISP: MTN https://t.co/kMZTCn5XmS",2020-04-03 18:49:32,,muhima,,mtn,,
Kimironko - mushimire,,1.5kbs https://t.co/9hvbjbdxeq,['http://pbs.twimg.com/media/EUsqN6XWAAMv4x4.jpg'],"@kenessajr Location: Kimironko - mushimire
Provider : @MangoRwanda 
Speed: 1.5KBSüôÑ https://t.co/9HVBjbdxEq",2020-04-03 18:47:40,,kimironko,,,1.5,[]
Kimironko,"['MTN', '3G']",3.2 mbps,['http://pbs.twimg.com/media/EUspC-2XsAAm5ut.jpg'],"@kenessajr Location: Kimironko
Speed: 3.2 Mbps 
ISP: MTN 3G https://t.co/ZmLhfaVQjx",2020-04-03 18:28:32,,kimironko,3G,mtn,3.2, mbps
Kimironko,"['Airtel', '(3G)']",38kbps,['http://pbs.twimg.com/media/EUslhD_WAAA27yp.jpg'],"@kenessajr Location: Kimironko
Speed: 38Kbpsüòè
ISP:Airtel (3G) https://t.co/3cZ3QRvD4I",2020-04-03 18:18:56,,kimironko,3G,airtel,0.038,kbps
Kimisagara,"['MTN', '(4G)']",3.9mbps,['http://pbs.twimg.com/media/EUsg2taWkAAXUeg.jpg'],"@kenessajr Location: Kimisagara
Speed: 3.9mbps
Isp: MTN (4G) https://t.co/6zyjcR9uRN",2020-04-03 18:03:05,,kimisagara,4G,mtn,3.9,mbps
Gisozi  ISP: MTN 3G Speed: 4.2Mbps https://t.co/ru1s5FYNoL,"['MTN', '3G', 'Speed:', '4.2Mbps']",4.2mbps https://t.co/ru1s5fynol,['http://pbs.twimg.com/media/EUsgw3ZXgAMSviL.jpg'],@kenessajr Location: Gisozi  ISP: MTN 3G Speed: 4.2Mbps https://t.co/ru1s5FYNoL,2020-04-03 17:57:58,,gisozi,3G,mtn,4.2,mbps
Muhanga,['Airtel'],160 kbps,['http://pbs.twimg.com/media/EUsfXe_XQAMiwm1.jpg'],"@kenessajr Location: Muhanga
Speed: 160 Kbps
ISP: Airtel https://t.co/DAoDRwf11e",2020-04-03 17:42:31,,muhanga,,airtel,0.16, kbps
,,,['http://pbs.twimg.com/media/EUseVYrXQAYl3z7.jpg'],@kenessajr Kimihurura https://t.co/C08Whu6Jpc,2020-04-03 17:22:14,,,,,,
,['@airtelrw'],,['http://pbs.twimg.com/media/EUsdGurX0AYlNYQ.jpg'],@kenessajr ISP: @airtelrw https://t.co/BiGRX8FsKl,2020-04-03 17:21:45,,,,airtel,,
bugesera mayange,"['RTN', '', '4G', '@ktRwanda']",230kbps,['http://pbs.twimg.com/media/EUsbJGNWsAIinwi.jpg'],"@kenessajr Location: bugesera mayange
Speed: 230kbps
ISP:RTN  4G @ktRwanda https://t.co/3Pmo53EDN8",2020-04-03 17:15:38,,bugesera,4G,rtn,0.23,kbps
Gacuriro,"['Mango', '4G']",2.2 mbps,['http://pbs.twimg.com/media/EUsZa4qXYAMqy0S.jpg'],"@kenessajr Location: Gacuriro
Speed: 2.2 Mbps
ISP: Mango 4G https://t.co/3pDPzIEEx0",2020-04-03 17:11:08,,gacuriro,4G,mango,2.2, mbps
Kacyiru ,,,['http://pbs.twimg.com/media/EUsYIWFXYAIsrTG.jpg'],"@kenessajr Location: Kacyiru 
Network: @airtelrw 

Shitty ass internet https://t.co/1fkIpYvSXj",2020-04-03 17:05:48,,kacyiru,,,,
Kimihurura ,,,['http://pbs.twimg.com/media/EUsXmNTXsAExCp-.jpg'],"@kenessajr Location: Kimihurura 
Speed : 3,7 Mbps
ISP : Airtel (3G) https://t.co/wutRv58O25",2020-04-03 16:57:13,,kimihurura,,,,
Masaka ,[],550 kbps,['http://pbs.twimg.com/media/EUsXTd2XQAArvHC.jpg'],"@kenessajr Location: Masaka 
Speed: 550 kbps
ISP: MTN

N.B: Shitty AF https://t.co/M0LSEuuvah",2020-04-03 16:49:40,,masaka,,,0.55, kbps
"Kimironko, Bibare ",['@FastnetISP_RW'],21 mbps,['http://pbs.twimg.com/media/EUsWkIPWsAIbw_w.jpg'],"@kenessajr Location: Kimironko, Bibare 
ISP: @FastnetISP_RW 
Speed: 21 Mbps 

Pack 4G: Monthly smartphone premium pack https://t.co/cRWrQyeblv",2020-04-03 16:44:03,,kimironko,,fastnet,21.0, mbps
Kacyiru,['MTN'],10 mbps,['http://pbs.twimg.com/media/EUsUaYDXYAYP-Qi.jpg'],"@kenessajr Location: Kacyiru
Speed: 10 Mbps
ISP: MTN https://t.co/E1fE2lAF0h",2020-04-03 16:41:44,,kacyiru,,mtn,10.0, mbps
Kicukiro ,['MTN'],,['http://pbs.twimg.com/media/EUsTdN6WsAMT6Ul.jpg'],"@kenessajr Location:Kicukiro 
ISP:MTN https://t.co/NNhSHaMggQ",2020-04-03 16:40:26,,kicukiro,,mtn,,
Gikondo,,,['http://pbs.twimg.com/media/EUsSN_nXQAAUY-c.jpg'],"@kenessajr Location: Gikondo
I‚Äôm using Liquid Telecom https://t.co/lVrrovk78h",2020-04-03 16:37:13,,gikondo,,,,
,,,['http://pbs.twimg.com/media/EUsSCaAWoAA6n1k.jpg'],"@kenessajr Nyamirambo (green corner)

Airtel (3G) https://t.co/ofs5m17cRI",2020-04-03 16:27:55,,,,,,
kanombe                                          ISP: Mango Telecom https://t.co/ju2jZgWSNo,"['Mango', 'Telecom']",,['http://pbs.twimg.com/media/EUsRSiMWsAUjOGa.jpg'],@kenessajr Location: kanombe                                          ISP: Mango Telecom https://t.co/ju2jZgWSNo,2020-04-03 16:23:40,,kanombe,,mango,,
,,,['http://pbs.twimg.com/media/EUsQ-bXXYAU7sf9.jpg'],@kenessajr Canal box https://t.co/Oq6mDzC7B6,2020-04-03 16:18:14,,,,,,
Lagos.  ISP:Airtel https://t.co/Pwk3uUmCaJ,['Airtel'],,['http://pbs.twimg.com/media/EUsQPoIWoAA_eRT.jpg'],@kenessajr Location: Lagos.  ISP:Airtel https://t.co/Pwk3uUmCaJ,2020-04-03 16:17:27,,lagos.,,airtel,,
Gikondo,['Airtel'],,['http://pbs.twimg.com/media/EUsMigWXQAYbbhg.jpg'],"@kenessajr Location: Gikondo
Speed; 270 Kbps
ISP: Airtel 3G

#MyInternetSpeedRW https://t.co/FmW2eqX27B",2020-04-03 16:14:10,,gikondo,,airtel,,
Kimironko ,['Airtel'],,['http://pbs.twimg.com/media/EUsJaYYXsAEPHDP.jpg'],"@kenessajr Location: Kimironko 
Speed : 4.5Mbps
ISP: Airtel https://t.co/HDZmtKiCj6",2020-04-03 16:12:47,,kimironko,,airtel,,
Kimisagara,['Airtel'],12 mbps,['http://pbs.twimg.com/media/EUsHi-3XYAADXWa.jpg'],"@kenessajr Location: Kimisagara
Speed: 12 Mbps
ISP: Airtel https://t.co/oycDOSFUHm",2020-04-03 16:09:40,,kimisagara,,airtel,12.0, mbps
Musanze City,['Mango'],250 mbps,['http://pbs.twimg.com/media/EUsGH82XQAEuh3S.jpg'],"@kenessajr Location: Musanze City
Speed: 250 Mbps
ISP: Mango https://t.co/bHT8xdTjJE",2020-04-03 15:53:34,"Place(_api=<tweepy.api.API object at 0x1122451d0>, id='84f644e036f3dcb0', url='https://api.twitter.com/1.1/geo/id/84f644e036f3dcb0.json', place_type='country', name='Rwanda', full_name='Rwanda', country_code='RW', country='Rwanda', contained_within=[], bounding_box=BoundingBox(_api=<tweepy.api.API object at 0x1122451d0>, type='Polygon', coordinates=[[[28.8617568, -2.8387274], [30.8993559, -2.8387274], [30.8993559, -1.0474785], [28.8617568, -1.0474785]]]), attributes={})",musanze,,mango,250.0, mbps
Kanombe - Nonko,"['MTN', '-']",2.8mbps,['http://pbs.twimg.com/media/EUsFTRvXkAQfq17.jpg'],"@kenessajr Location: Kanombe - Nonko
Speed: 2.8Mbps
ISP: MTN - 4GLTE

#MyInternetSpeedRw https://t.co/aM0CkeXv1a",2020-04-03 15:39:47,,kanombe,,mtn,2.8,mbps
Kacyiru,['MTN'],1.3 mbps,['http://pbs.twimg.com/media/EUsFjpjXkAEmbB0.png'],"@kenessajr Location: Kacyiru
Speed: 1.3 Mbps
ISP: MTN https://t.co/4k4n6dU3Ia",2020-04-03 15:31:37,,kacyiru,,mtn,1.3, mbps
Kicukiro Niboye,"['MTN', 'üò°']",14 kbps,['http://pbs.twimg.com/media/EUsE4NZWoAAtcd_.jpg'],"@kenessajr Location: Kicukiro Niboye
Speed: 14 kbps
ISP: MTN üò° https://t.co/dJ3fgaW4aV",2020-04-03 15:25:22,,kicukiro,,mtn,0.014, kbps
Nyamirambo (Kuri 40),"['@airtelrw', '', '3G']",170kbps,['http://pbs.twimg.com/media/EUsD8KPWAAEEgc_.jpg'],"@kenessajr Location: Nyamirambo (Kuri 40)
Speed: 170kbps
ISP: @airtelrw  3G https://t.co/QEzEFHhGKm",2020-04-03 15:24:13,,nyamirambo,3G,airtel,0.17,kbps
Gihara/Kamonyi,"['Airtel', '3G']",1.9 mbps,['http://pbs.twimg.com/media/EUsCzhIXYAAEC1v.jpg'],"@kenessajr Location: Gihara/Kamonyi
Speed: 1.9 Mbps
ISP: Airtel 3G https://t.co/t0Np1TSios",2020-04-03 15:22:55,,gihara,3G,airtel,1.9, mbps
,[],3.2 mbps,['http://pbs.twimg.com/media/EUsBVX7X0AAWsKU.jpg'],"@kenessajr Location :Gacuriro
ISP:BSC
Speed:3.2 Mbps
#myinternetspeed https://t.co/bFXhpYLpjD",2020-04-03 15:19:57,,,,,3.2, mbps
,,,['http://pbs.twimg.com/media/EUsA9FdX0AIsi0h.jpg'],"@kenessajr Kimironko
MTN https://t.co/YKWOX56JrY",2020-04-03 15:15:52,,,,,,
Kacyiru,['MTN'],140kbps,['http://pbs.twimg.com/media/EUsA3FHWsAMRpyw.jpg'],"@kenessajr Location: Kacyiru
1) ISP: MTN 3G
     Speed: 140Kbps
2) ISP: Popconn
     Speed: 1.5Mbps https://t.co/fuDoEDcGJC",2020-04-03 15:11:17,,kacyiru,,mtn,0.14,kbps
Kacyiru,['Airtel'],,['http://pbs.twimg.com/media/EUsADSFWoAAtyVN.jpg'],"@kenessajr Location: Kacyiru
ISP: Airtel https://t.co/7nETaCETyP",2020-04-03 15:04:26,,kacyiru,,airtel,,
Nyamirambo,,1.4 mbps,['http://pbs.twimg.com/media/EUsAA0uXkAU8L-v.jpg'],"@kenessajr Location: Nyamirambo
Speed: 1.4 Mbps
Provider: @MTNRwanda https://t.co/YLhAgRaPEr",2020-04-03 15:02:54,,nyamirambo,,,1.4, mbps
,,,['http://pbs.twimg.com/media/EUr_gZXXsAEZblz.jpg'],@kenessajr @derrickshades Kimironko MTN 4G https://t.co/FU7NgHUkRB,2020-04-03 15:02:27,,,,,,
,,,['http://pbs.twimg.com/media/EUr-pUPXgAIbO6V.jpg'],@kenessajr Muhanga City https://t.co/oOzZ8Xa1Ta,2020-04-03 14:58:51,,,,,,
Kabeza,['@airtelrw'],130kbps ,['http://pbs.twimg.com/media/EUr9rqoWkAItXmf.jpg'],"@kenessajr Location: Kabeza
Speed:130kbps üò¥
ISP:@airtelrw https://t.co/KrhMlf0q9Z",2020-04-03 14:58:47,,kabeza,,airtel,0.13,kbps
Kanombe,['Fastnet'],1.5 mbps,['http://pbs.twimg.com/media/EUr8GtSXgAEky4L.jpg'],"@kenessajr Location: Kanombe
Speed: 1.5 Mbps
ISP: Fastnet https://t.co/gGsWZELpyJ",2020-04-03 14:56:31,,kanombe,,fastnet,1.5, mbps
,"['MTN', 'mofos']",7.5mbps,['http://pbs.twimg.com/media/EUr7-fpWsAYY5zo.jpg'],"@kenessajr Locatio: Muhima
Speed: 7.5Mbps
ISP: MTN mofos https://t.co/wy5frc4i3w",2020-04-03 14:52:43,,,,mtn,7.5,mbps
Muhima,['@MangoRwanda'],,['http://pbs.twimg.com/media/EUr7IGfX0AgD_WH.jpg'],"@kenessajr Location: Muhima
ISP: @MangoRwanda https://t.co/TH7ShqrFQ5",2020-04-03 14:48:31,,muhima,,mango,,
,,,['http://pbs.twimg.com/media/EUr7CeRWkAUHI_G.jpg'],"@kenessajr Kicukiro , MTN of course https://t.co/xOW2WCxX3X",2020-04-03 14:41:38,,,,,,
,,,['http://pbs.twimg.com/media/EUr6-iIXQAAXU5U.jpg'],@kenessajr Airtel kimironko https://t.co/esty8UqikI,2020-04-03 14:41:03,,,,,,
Kibagabaga ,"['@liquidtelecom', '(Family', 'Entertainment', 'Package', '25']",3.6 mbps,['http://pbs.twimg.com/media/EUr50FGWoAId2bx.jpg'],"@kenessajr #1
Location: Kibagabaga 
Speed: 3.6 Mbps
ISP: @liquidtelecom (Family Entertainment Package 25 Mbps)

#2
Speed: 970 Kbps
ISP: @MTNRwanda 3G (Monthly 30GB for 10,000 RWF) https://t.co/OEj5aeqxS8",2020-04-03 14:37:20,,kibagabaga,,liquid,3.6, mbps
Kicukiro https://t.co/g9WcwJgV34,[],,['http://pbs.twimg.com/media/EUr476uXkAIWLr9.jpg'],"@kenessajr ISP: MTN
Location: Kicukiro https://t.co/g9WcwJgV34",2020-04-03 14:36:55,,kicukiro,,,,
Gisozi hejuru y'U rwibutso,['MTN'],,['http://pbs.twimg.com/media/EUr4d0MXYAMmQ4R.jpg'],"@kenessajr Location: Gisozi hejuru y'U rwibutso
Kbps: 410:‚¨áÔ∏è700‚¨ÜÔ∏è
ISP: MTN 4G

In my üè†. https://t.co/YvTPWXXYjL",2020-04-03 14:36:43,,gisozi,,mtn,,
kicukiro,['trukonekt'],,['http://pbs.twimg.com/media/EUr3ntzXQAEI3pI.jpg'],"@kenessajr Location: kicukiro
ISP: trukonekt 
Speed : amase üôÑ https://t.co/pk1JJgeGC0",2020-04-03 14:31:35,,kicukiro,,trueconnect,,
Kabeza AEE https://t.co/gmZIgppmCD,['Airtel'],490kps,['http://pbs.twimg.com/media/EUr3bbNWkAEY9Qi.jpg'],"@kenessajr ISP: Airtel 
Speed: 490Kps
Location: Kabeza AEE https://t.co/gmZIgppmCD",2020-04-03 14:27:48,,kabeza,,airtel,490.0,[]
Kabeza AEE https://t.co/WnMrkxJGBH,[],360kps,['http://pbs.twimg.com/media/EUr3MSwXgAAwwMn.jpg'],"@kenessajr ISP: MTN
Speed: 360Kps
Location: Kabeza AEE https://t.co/WnMrkxJGBH",2020-04-03 14:25:44,,kabeza,,,360.0,[]
Kabeza,['MTN'],,['http://pbs.twimg.com/media/EUr16NFWsAA7DgV.jpg'],"@kenessajr Location: Kabeza
ISP: MTN https://t.co/PPY9RsSgKp",2020-04-03 14:22:02,,kabeza,,mtn,,
Rusororo,,,['http://pbs.twimg.com/media/EUr1AkPXgAEEYfr.jpg'],"@kenessajr Location: Rusororo
Provider: Mango https://t.co/aW06OvstHG",2020-04-03 14:21:09,,rusororo,,,,
Huye,"['Mango', 'Telecom']",3.2 mbps,['http://pbs.twimg.com/media/EUrzGbeUMAc-q83.jpg'],"@kenessajr Location: Huye
Speed: 3.2 Mbps
ISP: Mango Telecom https://t.co/aoIB7m2nOm",2020-04-03 14:20:08,,huye,,mango,3.2, mbps
KARURUMA ,['@MTNRwanda'],,['http://pbs.twimg.com/media/EUryrgpU4AEoz_1.jpg'],"@kenessajr Location:KARURUMA 
ISP:@MTNRwanda https://t.co/rT18W1BVKc",2020-04-03 14:14:33,,karuruma,,mtn,,
Kacyiru library,,,['http://pbs.twimg.com/media/EUrxCJtU8AEs7zD.jpg'],"@kenessajr Location: Kacyiru library
Network: @MangoRwanda 
Pack 4G: 30Mbps

Needless to say that I‚Äôm being scammed. https://t.co/X8AzfKtEJT",2020-04-03 14:10:36,,kacyiru,,,,
Musanze,[],2.3 mbps ,['http://pbs.twimg.com/media/EUrwabgUcAE6nX2.jpg'],"@kenessajr Location: Musanze
Speed:  2.3 Mbps üòë
ISP: Axiom
Network: 3G https://t.co/1JeXCgGqeN",2020-04-03 14:02:17,,musanze,,,2.3, mbps
,,,['http://pbs.twimg.com/media/EUrvMYUUMAYDcFe.jpg'],"@kenessajr Kacyiru 
1) Airtel 
2) MTN ü§¶üèæ‚Äç‚ôÄÔ∏è https://t.co/OVEbrhw7nd",2020-04-03 14:00:41,,,,,,
,"['MTN', '(4G)']",3mbps,['http://pbs.twimg.com/media/EUruxItUcAo3vzK.jpg'],"@kenessajr Loc: Kibagabaga
Speed: 3Mbps
ISP: MTN (4G) https://t.co/R68NoamzF2",2020-04-03 13:53:19,,,4G,mtn,3.0,mbps
Rwamagana ,['Airtel'],3.5mbps,['http://pbs.twimg.com/media/EUruUHEUwAIWQTk.jpg'],"@kenessajr Location: Rwamagana 
Speed:3.5Mbps
Isp:Airtel https://t.co/CPMinNtyes",2020-04-03 13:50:33,,rwamagana,,airtel,3.5,mbps
,,,['http://pbs.twimg.com/media/EUrtJToUMAEWUL4.jpg'],@kenessajr Babireba gute,2020-04-03 13:49:51,,,,,,
,[],,['http://pbs.twimg.com/media/EUrsqB9UEAEVd_h.jpg'],"@kenessajr My Internet speed is 310Kbps. How FAST is your Internet? https://t.co/yo5ncvnfdO
ISP: Airtel",2020-04-03 13:47:06,,,,,,
,,,['http://pbs.twimg.com/media/EUrsr-mUwAgu1ad.jpg'],"@kenessajr Location : kanombe 
Speed : 15Mbps
ISP : MTN RWANDA https://t.co/aHkKIpQtbh",2020-04-03 13:45:12,,,,,,
Remera,['Airtel'],6.8mbps,['http://pbs.twimg.com/media/EUrsZwSUMAAaBlJ.png'],"@kenessajr Location:Remera
Speed:6.8Mbps
ISP:Airtel https://t.co/aLyq7aAy9M",2020-04-03 13:44:19,,remera,,airtel,6.8,mbps
"busogo, Musanze, north",['Airtel'],1.1 mbps,['http://pbs.twimg.com/media/EUrsYYtUYAIjTdn.jpg'],"@kenessajr Location: busogo, Musanze, north
Speed: 1.1 Mbps
ISP: Airtel https://t.co/vDGitMwdaH",2020-04-03 13:42:17,,busogo,,airtel,1.1, mbps
Kicukiro,"['@airtelrw', '']",,['http://pbs.twimg.com/media/EUrr781UEAM6TOM.jpg'],"@kenessajr Location:Kicukiro
ISP: @airtelrw  3G
Balance Now: 100626 GB https://t.co/9yVnwvkDh4",2020-04-03 13:36:59,,kicukiro,,airtel,,
busogo(Musanze),,,['http://pbs.twimg.com/media/EUrqu0yU4AEwKPd.jpg'],"@kenessajr Location:busogo(Musanze)
Network provider: @airtelrw https://t.co/FX3rywNFUC",2020-04-03 13:35:34,,busogo(musanze),,,,
Rebero,['MTN'],12 mbps,['http://pbs.twimg.com/media/EUrp8AXUcAIvK3W.jpg'],"@kenessajr Location: Rebero
Speed: 12 Mbps
ISP: MTN https://t.co/IgVMBbUGjR",2020-04-03 13:34:16,,rebero,,mtn,12.0, mbps
Kabeza ,[],,['http://pbs.twimg.com/media/EUrp45hUYAAqMPH.jpg'],"@kenessajr Location: Kabeza 
ISP: Airtel

needless to say.... I'm having a shitty day üò≠ü§¢ https://t.co/euKK2qdu9m",2020-04-03 13:33:57,,kabeza,,,,
,,,['http://pbs.twimg.com/media/EUrpM9aU4AE0_XC.jpg'],"@kenessajr Kibagabaga
MTN https://t.co/MDezMMEWV0",2020-04-03 13:32:55,,,,,,
Kacyiru https://t.co/GKdePsqfdS,['Mtn'],,['http://pbs.twimg.com/media/EUrojKRUcAIMLzC.jpg'],"@kenessajr ISP:Mtn ü§¶üèæ‚Äç‚ôÇÔ∏è
Location: Kacyiru https://t.co/GKdePsqfdS",2020-04-03 13:30:58,,kacyiru,,mtn,,
,,,['http://pbs.twimg.com/media/EUroFFBUwAAeeyc.jpg'],@kenessajr @MTNRwanda enough speed for only forwarded whatsapp msgs(NHS) from Aunties https://t.co/aVpkrva64k,2020-04-03 13:25:43,,,,,,
Kimironko,"['@airtelrw', '', '-', '3G']",4.9 mbps,['http://pbs.twimg.com/media/EUrnxweUEAEkiAA.jpg'],"@kenessajr Location: Kimironko
Speed: 4.9 Mbps
ISP: @airtelrw  - 3G https://t.co/dJOno8jV9L",2020-04-03 13:24:47,,kimironko,3G,airtel,4.9, mbps
Rubilizi https://t.co/OZ6hPaOpmc,[],,['http://pbs.twimg.com/media/EUrnfCQUMAErWWv.jpg'],"@kenessajr ISP: ISPA
Package: ‚Äú2MBPS dedicated‚Äù üôÑüôÑ
Location: Rubilizi https://t.co/OZ6hPaOpmc",2020-04-03 13:22:02,,rubilizi,,,,
,,,['http://pbs.twimg.com/media/EUrnc0-U0AggqzO.jpg'],"@kenessajr Location : nyamirambo
ISP :MTN https://t.co/S1CUq6E2kv",2020-04-03 13:19:02,,,,,,
,,,['http://pbs.twimg.com/media/EUrmKsQUwAABSN2.jpg'],@kenessajr I‚Äôm on a monthly subscription of 3G. https://t.co/xVaVJxzc9p,2020-04-03 13:16:13,,,,,,
gikondo,,,['http://pbs.twimg.com/media/EUrl0HeUEAAvcRT.jpg'],"@kenessajr Location: gikondo
Speed :2.6 MBPS
ISP : Mtn 3G https://t.co/7GGXiE5vYw",2020-04-03 13:14:08,,gikondo,,,,
Kicukiro-Niboye,"['MTN', '(4G', 'irekure)']",,['http://pbs.twimg.com/media/EUrlyY-U4AI02Dg.jpg'],"@kenessajr Location: Kicukiro-Niboye
ISP: MTN (4G irekure) https://t.co/PYjuKTOMn0",2020-04-03 13:12:55,,kicukiro,4G,mtn,,
nyamirambo cosmos https://t.co/hSXlW6dU8z,[],,['http://pbs.twimg.com/media/EUrkeQjUcAAQcXz.jpg'],"@kenessajr ISP: MTN
Location: nyamirambo cosmos https://t.co/hSXlW6dU8z",2020-04-03 13:11:29,,nyamirambo,,,,
Niboye,"['MTN', 'Rwanda', '3G']",,['http://pbs.twimg.com/media/EUrj0kuUcAAjJt8.jpg'],"@kenessajr Location: Niboye
ISP: MTN Rwanda 3G https://t.co/czCPGWpNBR",2020-04-03 13:11:23,,niboye,3G,mtn,,
Kacyiru,,,['http://pbs.twimg.com/media/EUrjiThUYAA8Xb-.jpg'],"@kenessajr Location: Kacyiru
Network: Airtel https://t.co/wkm2OIaGkg",2020-04-03 13:05:46,,kacyiru,,,,
Sonatubes ,"['Airtel', '(3G)']",7.8 mbps,['http://pbs.twimg.com/media/EUriji3UYAc7z4T.jpg'],"@kenessajr Location: Sonatubes 
Speed: 7.8 Mbps
ISP:Airtel (3G) https://t.co/cvPgFHLGZs",2020-04-03 13:04:14,,sonatubes,3G,airtel,7.8, mbps
Kimironko,[],580 kbps,['http://pbs.twimg.com/media/EUrhF3WU0AI-sYG.jpg'],"@kenessajr Location: Kimironko
Speed: 580 Kbps
ISP: MTN
üò†üò†üò† https://t.co/4ePktJdzPK",2020-04-03 13:04:07,,kimironko,,,0.58, kbps
Kicukiro-Niboye,"['MTN', '3G']",,['http://pbs.twimg.com/media/EUrgSSnU8AcFNA6.jpg'],"@kenessajr Location: Kicukiro-Niboye
ISP: MTN 3G https://t.co/iEbXvjZqJq",2020-04-03 12:58:45,,kicukiro,3G,mtn,,
Kicukiro-Niboye,"['3G', 'Airtel']",,['http://pbs.twimg.com/media/EUre8xmUMAc3V4o.jpg'],"@kenessajr Location: Kicukiro-Niboye
ISP: 3G Airtel https://t.co/zncY9YGyJ4",2020-04-03 12:55:43,,kicukiro,3G,airtel,,
Gisozi,[],2.5 mbps,['http://pbs.twimg.com/media/EUrergSUwAAaaM9.jpg'],"@kenessajr Location: Gisozi
Speed: 2.5 Mbps
ISP: Airtel",2020-04-03 12:54:25,,gisozi,,,2.5, mbps
Kicukiro-Niboye,['Airtel'],4.1mbps,['http://pbs.twimg.com/media/EUrdpK9U0AEDtdz.jpg'],"@kenessajr Location: Kicukiro-Niboye
Speed: 4.1Mbps
ISP: Airtel https://t.co/t751LsSskS",2020-04-03 12:54:17,,kicukiro,,airtel,4.1,mbps
Rusororo,"['@airtelrw', '3G']",,['http://pbs.twimg.com/media/EUrcpGVUcAEGRWJ.jpg'],"@kenessajr Location: Rusororo
Speed 1.3 Mbps
ISP: @airtelrw 3G https://t.co/aAMimZv9Rz",2020-04-03 12:50:00,,rusororo,3G,airtel,,
,,,['http://pbs.twimg.com/media/EUrccr1UMAA2mcF.jpg'],"@kenessajr Kimironko
MTN 3G unlimited https://t.co/pK2CyMX9Nn",2020-04-03 12:43:37,,,,,,
Kimironko,"['Mango', 'Telecom']",,['http://pbs.twimg.com/media/EUrba36UUAAF4B9.jpg'],"@kenessajr @onshimiye Location:Kimironko
ISP: Mango Telecom https://t.co/SMjl6lJeSR",2020-04-03 12:40:03,,kimironko,,mango,,
,"['Liquid', 'Telecom']",13 mbps,['http://pbs.twimg.com/media/EUrbSV8UYAAfPRH.jpg'],"@kenessajr Location : Nyarutarama
Speed: 13 Mbps 
ISP: Liquid Telecom 
Package: 25Mbps fiber unlimited https://t.co/ta2b5eE2Sj",2020-04-03 12:34:14,,,,liquid,13.0, mbps
,['Mango'],2.3 mbps,['http://pbs.twimg.com/media/EUrbPlDUwAAGwjs.jpg'],"@kenessajr Location Gishushu 
Speed: 2.3 Mbps
ISP: Mango https://t.co/mnamPK7uJU",2020-04-03 12:33:04,,,,mango,2.3, mbps
"Gasabo, Rutunga","['MTN', '4G', 'Irekure(Monthly', 'Unlimited)']",3.1 mbps,['http://pbs.twimg.com/media/EUraf69UcAEsJuQ.jpg'],"@kenessajr Location: Gasabo, Rutunga
Speed:3.1 mbps
ISP: MTN 4G Irekure(Monthly Unlimited) https://t.co/tipe438Yet",2020-04-03 12:28:31,,gasabo,4G,mtn,3.1, mbps
Gisozi near Kurwibutso,"['MTN', '3G']",240kbps,['http://pbs.twimg.com/media/EUraFI_U0AEP9Cq.jpg'],"@kenessajr Location: Gisozi near Kurwibutso
Speed: 240Kbps
ISP: MTN 3G https://t.co/aFIG6SjQQR",2020-04-03 12:24:12,,gisozi,3G,mtn,0.24,kbps
,,,['http://pbs.twimg.com/media/EUraDmxUMAAH7i8.jpg'],"@kenessajr Location : Kabeza
ISP : Airtel 
(ark iyi nishira nzajugunya simcard)
Speed : 160kbps https://t.co/FljE7GsrKO",2020-04-03 12:23:18,,,,,,
Kimihurura/Rugando,['MTN'],870 kbps,['http://pbs.twimg.com/media/EUrZmQlVAAA0eb8.jpg'],"@kenessajr Location: Kimihurura/Rugando
Speed: 870 kbps
ISP: MTN https://t.co/bq8L9LqQdY",2020-04-03 12:18:49,,kimihurura,,mtn,0.87, kbps
Ruyenzi,['@MTNRwanda'],1.4mbps,['http://pbs.twimg.com/media/EUrZYXLUcAEdUhL.jpg'],"@kenessajr Location: Ruyenzi
Speed: 1.4Mbps
ISP: @MTNRwanda 
Package: 4G unlimited internet

#MyInternetSpeedRW https://t.co/1kFQFBhon0",2020-04-03 12:18:12,,ruyenzi,,mtn,1.4,mbps
Nyabihu District,"['Mtn', '3G']",3.23; 3.60,['http://pbs.twimg.com/media/EUrVMm-UcAIqpYa.jpg'],"@kenessajr Location: Nyabihu District
Speed:3.23; 3.60
ISP: Mtn 3G https://t.co/c4jvlrOxjz",2020-04-03 12:18:04,,nyabihu,3G,mtn,3.23,[]
,,,['http://pbs.twimg.com/media/EUrUK9TUEAAM3VE.jpg'],"@kenessajr @Ninsiima250 Nyakabanda, MTN3G (screenshot) 
Nyakabanda, MANGO 4G platinum yo iri kuri 100Kbps https://t.co/xIHS0yDt6q",2020-04-03 12:14:48,,,,,,
,,,['http://pbs.twimg.com/media/EUrTYbYU0AIWRWX.png'],"@kenessajr #RwOT 
Location : kimironko
Speed : 700 kps
ISP : Netpro 4G
#MyInternetSpeedRw https://t.co/i6nAn9tUsF",2020-04-03 12:13:10,,,,,,
,,,['http://pbs.twimg.com/media/EUrTFCSVAAct2jG.jpg'],"@kenessajr 1.4 Mbps
Remera
MTN https://t.co/frka4Fgxq4",2020-04-03 12:12:51,,,,,,
,,,['http://pbs.twimg.com/media/EUrSyaAUwAE_j6u.png'],"@kenessajr @gadha Location : Kicukiro (Gikondo)
Internet : MTN 3G
Bundle : 500 RWF (Weekly 800MB) https://t.co/NLzEj8i72q",2020-04-03 12:11:55,,,,,,
Remera,"['Mango', '4G']",1.2mbps,['http://pbs.twimg.com/media/EUrRp1RU4AASELB.jpg'],"@kenessajr Location: Remera
Speed: 1.2Mbps
ISP: Mango 4G https://t.co/HMeLhMyNWq",2020-04-03 12:09:54,,remera,4G,mango,1.2,mbps
Kagarama ,['@mtnrwanda'],,['http://pbs.twimg.com/media/EUrRd2TU0AANsOt.jpg'],"@kenessajr Location: Kagarama 
4G 
ISP: @mtnrwanda https://t.co/NSkDb3Lkq0",2020-04-03 11:51:41,,kagarama,,mtn,,
Kanombe,['MTN'],2.7 mbps,['http://pbs.twimg.com/media/EUrQ5zTU4AA_QTt.jpg'],"@kenessajr I am using two ISP‚Äôs

Location: Kanombe

ISP: MTN 3G
Speed: 2.7 Mbps 

ISP: Airtel 3G
Speed: 2.5 Mbps https://t.co/SGmjDdwNYf",2020-04-03 11:47:09,"Place(_api=<tweepy.api.API object at 0x1122451d0>, id='84f644e036f3dcb0', url='https://api.twitter.com/1.1/geo/id/84f644e036f3dcb0.json', place_type='country', name='Rwanda', full_name='Rwanda', country_code='RW', country='Rwanda', contained_within=[], bounding_box=BoundingBox(_api=<tweepy.api.API object at 0x1122451d0>, type='Polygon', coordinates=[[[28.8617568, -2.8387274], [30.8993559, -2.8387274], [30.8993559, -1.0474785], [28.8617568, -1.0474785]]]), attributes={})",kanombe,,mtn,2.7, mbps
Kimironko,"['Truconnect', '4G']",5.7 mbps,['http://pbs.twimg.com/media/EUrQ3WHUwAIaSqN.jpg'],"@kenessajr @onshimiye Location: Kimironko
Speed: 5.7 Mbps
ISP: Truconnect 4G https://t.co/lGSGBY5nNx",2020-04-03 11:43:40,,kimironko,4G,trueconnect,5.7, mbps
Kisimenti ,"['Airtel', '3G']",,['http://pbs.twimg.com/media/EUrQM_dUcAAKtk-.jpg'],"@kenessajr Location: Kisimenti 
ISP: Airtel 3G https://t.co/TFrKpJJ9Jb",2020-04-03 11:42:22,,kisimenti,3G,airtel,,
Nyamirambo,"['Airtel', '3G']",2.4 mbps,['http://pbs.twimg.com/media/EUrPrZFUcAEq_UZ.jpg'],"@kenessajr Location: Nyamirambo
Speed: 2.4 Mbps
ISP: Airtel 3G https://t.co/IAUV8V5FmW",2020-04-03 11:41:04,,nyamirambo,3G,airtel,2.4, mbps
,"['MTN', '3G']","920kbps , isp: mtn 3g https://t.co/up9blf9hxk",['http://pbs.twimg.com/media/EUrPH1RVAAE3U4c.jpg'],"@kenessajr Location : Bumbogo , speed: 920kbps , ISP: MTN 3G https://t.co/Up9BLf9HxK",2020-04-03 11:36:28,,,3G,mtn,0.92,kbps
,,,['http://pbs.twimg.com/media/EUrOTgZU4AE7vcp.jpg'],"@kenessajr Location : Nyamirambo (Baoba)
Speed : 250 kbps üòè
ISP : @MangoRwanda https://t.co/EgFGp60MhV",2020-04-03 11:35:31,,,,,,
Gisozi,"['airtel', '3G']",1.3 mbps,['http://pbs.twimg.com/media/EUrOEGBUUAMlbrb.jpg'],"@kenessajr Location: Gisozi
Speed: 1.3 mbps
ISP: airtel 3G https://t.co/Wg7kTRUC4X",2020-04-03 11:32:54,,gisozi,3G,airtel,1.3, mbps
,,,['http://pbs.twimg.com/media/EUrNr2aUEAEoowp.jpg'],"@kenessajr Kabeza 
Fastnet 4G
6k bundle https://t.co/9ROvm0Ahik",2020-04-03 11:32:42,,,,,,
,,,['http://pbs.twimg.com/media/EUrNcQ2UUAE3UKf.jpg'],@kenessajr Nyanza https://t.co/ccOHLD1pVq,2020-04-03 11:29:49,,,,,,
Kagarama,"['MTN', '3G']",7.4 mbps,['http://pbs.twimg.com/media/EUrNHpCUUAErakF.jpg'],"@kenessajr Location: Kagarama
Speed: 7.4 Mbps
ISP: MTN 3G https://t.co/jE03hWhFh9",2020-04-03 11:27:30,,kagarama,3G,mtn,7.4, mbps
Sonatubes,['Airtel'],1.2 mbps,['http://pbs.twimg.com/media/EUrNAEdU8AAmqzt.jpg'],"@kenessajr Location: Sonatubes
Speed: 1.2 Mbps
ISP: Airtel https://t.co/1LBAxltYsl",2020-04-03 11:25:38,,sonatubes,,airtel,1.2, mbps
Rubilizi,"['aitell', '3G']",,['http://pbs.twimg.com/media/EUrMnRjUYAA8qEx.jpg'],"@kenessajr location: Rubilizi
isp: aitell 3G https://t.co/nPCV671DKH",2020-04-03 11:21:30,,rubilizi,3G,airtel,,
Kacyiru https://t.co/awou8X6yME,,,['http://pbs.twimg.com/media/EUrLsKNU8AA1dD-.jpg'],"@kenessajr Provider: liquid
Location: Kacyiru https://t.co/awou8X6yME",2020-04-03 11:20:27,,kacyiru,,,,
,[],8.1 mbps,['http://pbs.twimg.com/media/EUrLfclUwAEX2B_.jpg'],"@kenessajr Location : Gikondo
Speed: 8.1 Mbps
ISP: MTN
Network: 3G https://t.co/0tJF6NF78y",2020-04-03 11:18:48,,,,,8.1, mbps
Rusororo,['Axiom'],,['http://pbs.twimg.com/media/EUrLMXvU4AELI8e.jpg'],"@kenessajr Location:Rusororo
ISP:Axiom https://t.co/ogB6WTze9Y",2020-04-03 11:17:44,,rusororo,,axiom,,
,"['Liquid', 'Telecom']",22 mbps,['http://pbs.twimg.com/media/EUrLJoOU8AAkrZ0.jpg'],"@kenessajr Location : Gikondo
Speed: 22 Mbps 
ISP: Liquid Telecom 
Package: 25Mbps fiber unlimited https://t.co/Pj2AYRH6FH",2020-04-03 11:16:19,,,,liquid,22.0, mbps
Nyamata,['MTN'],3.3 mbps,['http://pbs.twimg.com/media/EUrKxSfUEAA3Xqm.png'],"@kenessajr @VictorKagarama Location: Nyamata
Speed:3.3 Mbps
ISP:MTN https://t.co/Dke7kWCyeS",2020-04-03 11:15:49,,nyamata,,mtn,3.3, mbps
,,,['http://pbs.twimg.com/media/EUrK2ehU8AUfZC8.png'],"@kenessajr Location : Gishushu
Speed : 3.3 Mbps
ISP : Mango https://t.co/qEH4ZEhvzn",2020-04-03 11:14:08,,,,,,
Kicukiro/sonatube ,['@airtelrw'],,['http://pbs.twimg.com/media/EUrKR_kUYAAbzlW.jpg'],"@kenessajr Location: Kicukiro/sonatube 
ISP: @airtelrw 3G
Package: 30 GB 10000 RWF/monthü§¶üèΩ‚Äç‚ôÇÔ∏è https://t.co/tKAqArvs5l",2020-04-03 11:10:07,,kicukiro,,airtel,,
Kak City aka Kacyiru,,,['http://pbs.twimg.com/media/EUrKDzRUMAA2jjT.jpg'],"@kenessajr Location: Kak City aka Kacyiru
Network: Airtel
Speed 15Mbps https://t.co/OPclutgp4J",2020-04-03 11:09:14,,kak,,,,
Kicukiro,"['Airtel', '3G']",4.5 mbps,['http://pbs.twimg.com/media/EUrI9ddVAAQTEv0.jpg'],"@kenessajr Location: Kicukiro
Speed: 4.5 Mbps
ISP: Airtel 3G https://t.co/kQDxEGoWKB",2020-04-03 11:07:56,,kicukiro,3G,airtel,4.5, mbps
,"['MTN', 'Rwandaüò©']",1.7 mbps (yarivuye kuri 490kbps),['http://pbs.twimg.com/media/EUrIwU-UUAIdwhy.jpg'],"@kenessajr Location now: Kimisagara
Speed: 1.7 Mbps (yarivuye kuri 490kbps)
ISP: MTN Rwandaüò© https://t.co/4lYauvccUA",2020-04-03 11:07:42,,,,mtn,1.7, mbps
,,,['http://pbs.twimg.com/media/EUrIfVxUYAIFXuY.jpg'],@kenessajr I am at Kimironko Nyagatovu.  I am using Airtel data https://t.co/beo6JPS43H,2020-04-03 11:07:15,,,,,,
Kimironko https://t.co/GhENnW2bxJ,['TrueConnect'],,['http://pbs.twimg.com/media/EUrH9pZUMAMcUJf.jpg'],"@kenessajr ISP: TrueConnect 4G
Location: Kimironko https://t.co/GhENnW2bxJ",2020-04-03 11:07:08,,kimironko,,trueconnect,,
Kicukiro (Rebero),"['MTN', '3G']",,['http://pbs.twimg.com/media/EUrIBacUYAAMBlm.jpg'],"@kenessajr Location: Kicukiro (Rebero)
Speed: N/A
ISP: MTN 3G https://t.co/UB6r98VLoJ",2020-04-03 11:03:56,,kicukiro,3G,mtn,,
Rebero,"['Liquid', 'Home']",,['http://pbs.twimg.com/media/EUrH7qrUcAAGUhN.jpg'],"@kenessajr Location: Rebero
ISP: Liquid Home https://t.co/Xo03zelU6y",2020-04-03 11:02:57,,rebero,,liquid,,
Kicukiro ,"['Mtn', '3G']",3.2mbps,['http://pbs.twimg.com/media/EUrHvKbUwAICMYC.jpg'],"@kenessajr Location: Kicukiro 
Speed: 3.2Mbps
ISP: Mtn 3G https://t.co/KDYa960iWO",2020-04-03 10:58:10,"Place(_api=<tweepy.api.API object at 0x1122451d0>, id='07d9d692bcc83000', url='https://api.twitter.com/1.1/geo/id/07d9d692bcc83000.json', place_type='poi', name='mku kicukiro', full_name='mku kicukiro', country_code='RW', country='Rwanda', contained_within=[], bounding_box=BoundingBox(_api=<tweepy.api.API object at 0x1122451d0>, type='Polygon', coordinates=[[[30.093798371624263, -1.967842976243936], [30.093798371624263, -1.967842976243936], [30.093798371624263, -1.967842976243936], [30.093798371624263, -1.967842976243936]]]), attributes={})",kicukiro,3G,mtn,3.2,mbps
Kicukiro,['Airtel'],1.3 mbps,['http://pbs.twimg.com/media/EUrG2E-U8AAVe2t.jpg'],"@kenessajr Location: Kicukiro
Speed: 1.3 Mbps
ISP: Airtel /3G

#MyInternetSpeedRw https://t.co/V4GaUIsZOe",2020-04-03 10:57:24,,kicukiro,,airtel,1.3, mbps
Nyamirambo/ Nyakabanda     ,"['Mango', 'Telecom']",,['http://pbs.twimg.com/media/EUrGlodUYAAIdFl.jpg'],"@kenessajr Location: Nyamirambo/ Nyakabanda     
ISP: Mango Telecom 
Package: Monthly Unlimited 24000 RWF https://t.co/rLmrb1LL2q",2020-04-03 10:56:14,,nyamirambo,,mango,,
Ruyenzi       ,['@airtelrw'],120 kbpsÔ∏è 850 kbps‚¨ÜÔ∏è,['http://pbs.twimg.com/media/EUrFoS9UEAAsQsJ.jpg'],"@kenessajr Location: Ruyenzi       
Speed: 120 kbps‚¨áÔ∏è 850 kbps‚¨ÜÔ∏è
ISP: @airtelrw 3G
Package: 30 GB 10000 RWF/month https://t.co/m2EtV4rP6F",2020-04-03 10:54:53,,ruyenzi,,airtel,0.12, kbps
Gisozi,['Airtel'],15mbps,['http://pbs.twimg.com/media/EUrFg4mUwAAJIOl.jpg'],"@kenessajr Location: Gisozi
Speed: 15Mbps
ISP: Airtel https://t.co/xGecwqy1tK",2020-04-03 10:54:19,,gisozi,,airtel,15.0,mbps
Kimironko,"['Airtel', '3G']",1.6mbps,['http://pbs.twimg.com/media/EUrFEJPU4AAo-YB.jpg'],"@kenessajr Location: Kimironko
Speed: 1.6Mbps
ISP: Airtel 3G https://t.co/BzucRFOdzw",2020-04-03 10:53:51,,kimironko,3G,airtel,1.6,mbps
,,,['http://pbs.twimg.com/media/EUrETNfU0AAfHsR.png'],@kenessajr Nyarugenge MTN ‚Äò4G LTE‚Äô https://t.co/6anGmhlqnF,2020-04-03 10:52:48,,,,,,
Gikondo ,"['MTN', 'Rwanda', '(3G)']",3.8 mbps,['http://pbs.twimg.com/media/EUrEJMcU8AAnAqE.jpg'],"@kenessajr Location: Gikondo 
Speed: 3.8 Mbps
ISP: MTN Rwanda (3G) https://t.co/iblu2qFzw2",2020-04-03 10:48:55,,gikondo,3G,mtn,3.8, mbps
Gatsata ,"['Mango', 'Telecom']",1.4 mbps,['http://pbs.twimg.com/media/EUrDoO2UwAEShqY.png'],"@kenessajr Location: Gatsata 
Speed: 1.4 Mbps
ISP: Mango Telecom 

#MyInternetSpeedRw https://t.co/zbGGdiO1N1",2020-04-03 10:47:46,,gatsata,,mango,1.4, mbps
,['MTN'],3.7,['http://pbs.twimg.com/media/EUrDpCHUwAEtUf6.jpg'],"@kenessajr Loc: Nyamirambo
Speed: 3.7 
ISP:MTN https://t.co/2youOT7OlB",2020-04-03 10:43:37,,,,mtn,3.7,[]
Kagarama,[],65kbps,['http://pbs.twimg.com/media/EUrDfprU4AAKiY7.jpg'],"@kenessajr Location: Kagarama
Speed: 65Kbps
ISP: Axiom
Wireless broadband https://t.co/1XL617c9eM",2020-04-03 10:43:28,,kagarama,,,0.065,kbps
Musanze,['Airtel'],,['http://pbs.twimg.com/media/EUrCbssVAAEAGEC.png'],"@kenessajr @kagced Location: Musanze
ISP: Airtel https://t.co/ToHorivMYe",2020-04-03 10:41:09,,musanze,,airtel,,
Kicukiro,['@airtelrw'],6.6 mbps,['http://pbs.twimg.com/media/EUrCBrEUcAADFH_.jpg'],"@kenessajr Location: Kicukiro
Speed:6.6 Mbps
ISP: @airtelrw https://t.co/tGNmi1rm2R",2020-04-03 10:37:48,,kicukiro,,airtel,6.6, mbps
Kimironko ,"['MTN', 'Rwanda']",17 mbps ,['http://pbs.twimg.com/media/EUrBbiWU4AAzP2b.png'],"@kenessajr Location: Kimironko 
Speed: 17 Mbps üòÄ
ISP: MTN Rwanda https://t.co/ctsXC6AWju",2020-04-03 10:37:14,,kimironko,,mtn,17.0, mbps
Kanombe- Nyarugunga https://t.co/LoQRcsdBs6,,,['http://pbs.twimg.com/media/EUrBwNOUwAAk0kG.jpg'],@kenessajr Location: Kanombe- Nyarugunga https://t.co/LoQRcsdBs6,2020-04-03 10:35:24,,kanombe,,,,
Town,['MTN'],2.8 mbps,['http://pbs.twimg.com/media/EUrBWPNUYAEIPVV.jpg'],"@kenessajr Location:Town
Speed:2.8 Mbps
ISP:MTN https://t.co/SbIUYQEXUN",2020-04-03 10:34:55,,town,,mtn,2.8, mbps
Kacyiru ,['Liquid'],,['http://pbs.twimg.com/media/EUrBTzAU0AEpaEM.jpg'],"@kenessajr Location: Kacyiru 
ISP: Liquid https://t.co/PWqJd6pveX",2020-04-03 10:34:15,,kacyiru,,liquid,,
Gikondo,[],3.9 mbps (),['http://pbs.twimg.com/media/EUrAO0iUMAAPuox.jpg'],"@kenessajr Location: Gikondo
Speed: 3.9 Mbps (üôÇ)
ISP: Tigo
Network: 3G

#MyInternetSpeedRw https://t.co/0t1iJYMVVY",2020-04-03 10:29:48,,gikondo,,,3.9, mbps
Gisozi | Gacinjiru       ,['@MTNRwanda'],170 kbps Ô∏è 460 kbps ‚¨ÜÔ∏è,['http://pbs.twimg.com/media/EUrASm3U8AEFC1b.jpg'],"@kenessajr Location: Gisozi | Gacinjiru       
Speed: 170 Kbps ‚¨áÔ∏è 460 Kbps ‚¨ÜÔ∏è 
ISP: @MTNRwanda 4G
Package: Monthly Unlimited 6000 RWF

#MyInternetSpeedRW #RwOT https://t.co/n7zkfRkzO7",2020-04-03 10:27:55,"Place(_api=<tweepy.api.API object at 0x1122451d0>, id='84f644e036f3dcb0', url='https://api.twitter.com/1.1/geo/id/84f644e036f3dcb0.json', place_type='country', name='Rwanda', full_name='Rwanda', country_code='RW', country='Rwanda', contained_within=[], bounding_box=BoundingBox(_api=<tweepy.api.API object at 0x1122451d0>, type='Polygon', coordinates=[[[28.8617568, -2.8387274], [30.8993559, -2.8387274], [30.8993559, -1.0474785], [28.8617568, -1.0474785]]]), attributes={})",gisozi,,mtn,0.17, kbps
,[],330 kbps (‚òπÔ∏è),['http://pbs.twimg.com/media/EUq_kqvVAAEBxCq.png'],"@kenessajr Location : Gikondo
Speed: 330 Kbps (‚òπÔ∏è)
ISP: MTN
Network: 3G

#MyInternetSpeedRw https://t.co/9MGXKMWm4P",2020-04-03 10:26:46,,,,,0.33, kbps
Gikondo,['MTN'],3.9 mbps,['http://pbs.twimg.com/media/EUq_sFgVAAIq24z.jpg'],"@kenessajr Location: Gikondo
Speed:3.9 Mbps
ISP: MTN https://t.co/bauroA4Y6q",2020-04-03 10:26:40,"Place(_api=<tweepy.api.API object at 0x1122451d0>, id='84f644e036f3dcb0', url='https://api.twitter.com/1.1/geo/id/84f644e036f3dcb0.json', place_type='country', name='Rwanda', full_name='Rwanda', country_code='RW', country='Rwanda', contained_within=[], bounding_box=BoundingBox(_api=<tweepy.api.API object at 0x1122451d0>, type='Polygon', coordinates=[[[28.8617568, -2.8387274], [30.8993559, -2.8387274], [30.8993559, -1.0474785], [28.8617568, -1.0474785]]]), attributes={})",gikondo,,mtn,3.9, mbps
Rwamagana ,"['MTN', '3G']",3.5 mbps,['http://pbs.twimg.com/media/EUq-MKtU8AAI532.png'],"@kenessajr Location: Rwamagana 
Speed: 3.5 Mbps
ISP: MTN 3G https://t.co/hR5kaeSUsT",2020-04-03 10:24:54,,rwamagana,3G,mtn,3.5, mbps
,,,['http://pbs.twimg.com/media/EUq8kMyUUAA4dj4.jpg'],"@kenessajr Remera
MTN https://t.co/dowvi8r884",2020-04-03 10:24:44,,,,,,
,,,['http://pbs.twimg.com/media/EUq7L7SUcAA27tr.jpg'],@kenessajr Should add the package they are utilizing for example Airtel 3G,2020-04-03 10:23:09,,,,,,
Nyakabanda,[],1.1 mbps,,"@kenessajr location: Nyakabanda
Speed: 1.1 Mbps
ISP: Mtn

#MyInternetSpeedRw https://t.co/HUbhQu3z6B",2020-04-03 10:20:53,,nyakabanda,,,1.1, mbps
,['Airtel'],9.9 mbps,,"@kenessajr Location : Remera
Speed: 9.9 Mbps
ISP: Airtel https://t.co/iaFa9YZ32g",2020-04-03 10:20:15,,,,airtel,9.9, mbps
Mumena,"['Mango', 'Telecom']",8.5 mbps,,"@kenessajr Location: Mumena
Speed: 8.5 Mbps
ISP: Mango Telecom https://t.co/EhQJQpg07S",2020-04-03 10:19:23,,mumena,,mango,8.5, mbps
Gikondo,['MTN'],7.2 mbps,,"@kenessajr Location: Gikondo
Speed: 7.2 Mbps
iSP: MTN https://t.co/dX4OusbHOq",2020-04-03 10:18:33,,gikondo,,mtn,7.2, mbps
Kimisagara,['Airtel'],1.2 mbps,,"@kenessajr Location: Kimisagara
Speed: 1.2 Mbps
ISP: Airtel https://t.co/zL4AsiDNrw",2020-04-03 10:11:58,,kimisagara,,airtel,1.2, mbps
Gisozi,"['CB', 'Net']",34 mbps,,"@kenessajr Location: Gisozi
Speed: 34 Mbps
ISP: CB Net https://t.co/L5XMwmjper",2020-04-03 10:04:00,,gisozi,,CbNet,34.0, mbps
Kimironko,[],4.6 mbps,,"#Rwot let's do this. Share your current speed, location and your ISP on this thread.

Location: Kimironko
Speed: 4.6 Mbps
ISP: Airtel

#MyInternetSpeedRw https://t.co/x9bphOEQTh",2020-04-03 09:58:17,,kimironko,,,4.6, mbps
